date,symbol,name,Close,market_regime,final_score,fundamental_rank,fundamental_score,technical_score,stable_ensemble_score,rs20_rank_pct,rs60_rank_pct,ret5,ret20,ret60,rsi14,volume_ratio,ma20_deviation
2026-07-13,2059.TW,川湖,8080.0,bull,92.00857265583367,1.0,100.0,89.34476354111156,0.1628357114052774,0.0768518518518518,0.0129749768303985,0.037893384714194,0.1693198263386397,1.3454281567489113,61.06032906764168,1.1185127895892242,0.0726494308187581
2026-07-13,7610.TW,聯友金屬-創,2425.0,bull,89.02281713311635,12.0,96.94016846060627,86.38370002395303,0.2121864188752424,0.0175925925925925,0.0018535681186283,0.1437344990225726,0.5251572327044025,2.7480680061823803,50.31428791535343,1.234938040563582,0.1411715343395831
2026-07-13,2395.TW,研華,536.0,bull,88.61634147248972,49.0,87.43653384699755,89.00961068098712,0.468366208718957,0.1037037037037037,0.0843373493975903,0.0407766990291262,0.1331923890063424,0.5098591549295775,62.46786632390745,1.600195541842955,0.070340971494184
2026-07-13,6525.TW,捷敏-KY,192.5,bull,88.02078546410033,101.0,76.8341855135769,91.7496521142748,0.5239042729004467,0.0166666666666666,0.015755329008341,-0.0422885572139303,0.5338645418326693,1.2752674535078712,58.14814814814815,1.0974711543182472,0.1559825851974177
2026-07-13,6446.TW,藥華藥,1250.0,bull,87.45841959695805,13.0,96.8555062833974,84.32605736814493,0.3477342127211674,0.0342592592592592,0.0352177942539388,-0.0393792588848506,0.3171759747102212,0.893939393939394,65.09935110462521,1.1219765214912252,0.0572717226064678
2026-07-13,2458.TW,義隆,183.0,bull,84.04678472385591,50.0,86.91654017956604,83.09019957195252,0.6561428185700509,0.0453703703703703,0.1436515291936978,0.0223463687150837,0.2491467576791808,0.3212996389891696,61.333333333333336,0.8890413104970099,0.0409556313993173
2026-07-13,6834.TW,天二科技,129.0,bull,83.18740708770443,315.0,53.731199434147925,93.00614297222326,0.5382445031428682,0.0157407407407407,0.0027803521779425,0.0078125,0.5338882561299374,2.506523862797044,61.0062893081761,2.7103710267108867,0.1026583454290765
2026-07-13,3026.TW,禾伸堂,905.0,bull,80.79844765563378,174.0,68.80894924877691,84.79494712458607,0.4544277489177489,0.0657407407407407,0.0009267840593141,-0.0602284527518172,0.192221172388235,2.7873469194881766,56.95839311334289,1.775090319144888,0.0328811911160773
2026-07-13,5269.TW,祥碩,1510.0,bull,80.09591683318096,47.0,87.63352452318074,77.58338093651437,0.700457922077922,0.1425925925925926,0.2446709916589434,-0.006578947368421,0.0981818181818181,0.1705426356589148,61.03896103896104,1.027160104463012,0.0335386721423682
2026-07-13,5434.TW,崇越,559.0,bull,80.07680479923886,202.0,65.82773904429318,84.82649338422074,0.6619415065936957,0.0629629629629629,0.134383688600556,0.0708812260536397,0.1995708154506437,0.3389221556886228,67.00251889168766,1.7616696134001444,0.0971002404199989
2026-07-13,5471.TW,松翰,65.0,bull,77.74117457536929,223.0,64.00671286733612,82.31932847804701,0.4598144557852947,0.0638888888888888,0.0685820203892493,0.0188087896126869,0.1992619757386664,0.5625000573121608,54.88721545726893,1.4587425477850726,0.0470360869779125
2026-07-13,6753.TW,龍德造船,159.5,bull,77.65106571469309,117.0,75.40121337756102,78.40101649373712,0.8292935981665395,0.0314814814814814,0.293790546802595,0.042483660130719,0.3291666666666666,0.1312056737588651,73.42657342657343,1.9971730470104267,0.1749539594843463
2026-07-13,3004.TW,豐達科,154.5,bull,77.60975239991153,269.0,59.60481555561746,83.61139801467623,0.6763077005347593,0.087037037037037,0.1362372567191844,-0.0313479623824451,0.1573033707865168,0.3376623376623375,68.2170542635659,1.7377694046744212,0.105545617173524
2026-07-13,2423.TW,固緯,78.30000305175781,bull,77.44663415186382,15.0,96.18369172987968,71.2009482925252,0.6405056527318861,0.1768518518518518,0.0658016682113067,0.0208605758432469,0.0791162149888391,0.5910593181285972,51.60000708008244,3.7270423552181895,0.0378185466403611
2026-07-13,8150.TW,南茂,115.0,bull,77.35150672862181,455.0,43.57847362995483,88.60918442817747,0.3737577319412614,0.062037037037037,0.0667284522706209,-0.0043290043290042,0.2007145046612952,0.5803163320819016,56.92050706001013,1.8281599647893985,0.1028713178314539
2026-07-13,6491.TW,晶碩,365.5,bull,76.45874432871675,52.0,86.74813401220891,73.0289477675527,0.7211167041357046,0.0907407407407407,0.1862835959221501,-0.0227272727272727,0.1511811023622047,0.2410865874363328,74.09638554216868,0.7992131974122147,0.064899118653944
2026-07-13,3617.TW,碩天,230.5,bull,76.21185922568559,123.0,74.61371274804436,76.74457471823266,0.6445022765469824,0.2055555555555555,0.2029657089898053,0.0477272727272726,0.0622119815668202,0.2163588390501318,60.0,2.350863604304982,0.0491579426490669
2026-07-13,3416.TW,融程電,185.0,bull,75.65084492697606,88.0,79.62654194597235,74.32561258731063,0.5697467710032416,0.1462962962962962,0.2122335495829471,-0.0106951871657754,0.0967869108839829,0.2002573926128319,66.3720042648412,1.0130987347601073,0.0585609326444838
2026-07-13,1256.TW,鮮活果汁-KY,192.0,bull,75.61168904868943,168.0,69.59406160604887,77.61756486290295,0.8313551540616245,0.1787037037037037,0.1872103799814643,-0.0021647537987072,0.0786516853932584,0.2387096774193549,63.17353313048973,1.1366632676820798,0.0472213406542632
2026-07-13,6672.TW,騰輝電子-KY,275.0,bull,75.52624021957946,215.0,64.4879602565514,79.20566687392215,0.4382451145425879,0.0472222222222222,0.051899907321594,-0.1071428571428571,0.2443438914027149,0.71875,58.22784810126581,0.6222294985511536,-0.0087411011985221
2026-07-13,6139.TW,亞翔,883.0,bull,75.24929268040677,113.0,75.64712525562624,75.11668182200027,0.8909931966586931,0.1453703703703703,0.144578313253012,-0.0525751072961373,0.0968944099378881,0.3198804185351271,63.45029239766082,0.5523183024876828,0.0097775744753845
2026-07-13,6409.TW,旭隼,1055.0,bull,74.7409100375728,234.0,62.88856390334461,78.69169208231554,0.8328995615108473,0.1018518518518518,0.1399443929564411,-0.1821705426356589,0.1344086021505377,0.3320707070707069,60.849772382397575,0.9766535181135568,0.004953324442751
2026-07-13,4958.TW,臻鼎-KY,646.0,bull,74.66362539836926,654.0,31.59280514295768,89.02056548350646,0.1389149951195274,0.0759259259259259,0.0074142724745134,0.1157167530224525,0.1702898550724638,1.5357337687306911,59.4855305466238,1.983105704447632,0.0763078973675441
2026-07-13,6505.TW,台塑化,63.09999847412109,bull,74.64425597336813,192.0,66.8716639923295,77.23511996704768,0.4495742191810455,0.0564814814814814,0.2428174235403151,0.0605041760356486,0.2222365322628732,0.1712176452382832,73.50426430820653,2.4715699615435507,0.1318520792690709
2026-07-13,1708.TW,東鹼,55.79999923706055,bull,74.6326132189784,245.0,61.66803457963997,78.95413943209121,0.7635137943980373,0.0814814814814814,0.0973123262279888,-0.0956240105822298,0.1624999841054279,0.4573915547292679,64.49438125192344,0.6511491876392216,0.0325684544124704
2026-07-13,7795.TW,長廣,552.0,bull,74.18691529369852,434.0,44.88151404428712,83.95538237683564,0.3961595812508869,0.0203703703703703,0.1093605189990732,-0.1711711711711712,0.472,0.4046416706659645,65.38952745849298,0.8653032764960769,0.0861331103349893
2026-07-13,4590.TW,富田-創,93.4000015258789,bull,74.09944306507278,596.0,35.37011980056409,87.00921748657566,0.5370978915202445,0.0509259259259259,0.2020389249304912,8.659377268238622e-05,0.2273325019532153,0.2177314894667599,66.07843666073043,1.692318905388724,0.1349015843780954
2026-07-13,1326.TW,台化,65.0,bull,73.85196437525624,684.0,29.94873186889634,88.48637521070954,0.2046434389140271,0.0277777777777777,0.1779425393883225,-0.0384615167575252,0.3471896678689046,0.2618590696342797,64.70588235294117,1.8127369721430493,0.1159047262651984
2026-07-13,2637.TW,慧洋-KY,84.69999694824219,bull,73.46928997670688,237.0,62.80204855376821,77.02503711768642,0.3763303572215403,0.1777777777777777,0.2252085264133456,0.0803570829049502,0.0789808528438495,0.1883234764842112,68.54458395449012,1.8318548282359464,0.0996429388863704
2026-07-13,2377.TW,微星,149.5,bull,73.39025882759681,262.0,60.05362798212559,77.83580244275389,0.5782588576129754,0.149074074074074,0.0583873957367933,0.0491228070175437,0.0952380952380953,0.6464757155876091,71.05263157894737,1.8321700111129076,0.068429515812042
